Category,Subcategory
The Atom,Introduction
The Atom,Hydrogen Atom
The Atom,Radioactivity
Chemical bonding,VSEPR
Chemical bonding,Delocalization and resonance
Chemical bonding,Hybrid orbital theory
Chemical bonding,Molecular orbital theory
Chemical calculations,Balancing equations
Chemical calculations,Stoichiometric calculations
Chemical calculations,Mass and volume relations (including density)
Chemical calculations,Empirical formula
Chemical calculations,Avogadroâ€™s number
Chemical calculations,Concentration calculations
Periodic trends,Electron configuration
Periodic trends,Electronegativity
Periodic trends,Electron affinity
Periodic trends,First ionization energy
Periodic trends,Atomic size
Periodic trends,Ion size
Periodic trends,Highest oxidation number
Inorganic Chemistry,Introduction
Inorganic Chemistry,Hydrogen
Inorganic Chemistry,Coordination chemistry including stereochemistry
Inorganic Chemistry,Selected industrial processes
Inorganic Chemistry (S-Block),Groups 1 and 2
Inorganic Chemistry (P-Block),Group 13
Inorganic Chemistry (P-Block),Group 14
Inorganic Chemistry (P-Block),Group 15
Inorganic Chemistry (P-Block),Group 16
Inorganic Chemistry (P-Block),Group 17 (Halogens)
Inorganic Chemistry (P-Block),Group 18
Inorganic Chemistry (D-Block),Transition elements
Inorganic Chemistry (F-Block),Lanthanides and actinides
Physical chemistry,Gases
Physical chemistry,Thermodynamics
Physical chemistry,Electrochemistry
Physical chemistry (Equilibrium),Equilibrium
Physical chemistry (Equilibrium),Acid-base
Physical chemistry (Equilibrium),Gas phase
Physical chemistry (Equilibrium),Solubility
Physical chemistry (Equilibrium),Complexometric
Physical chemistry (Equilibrium),Phase
Physical chemistry (Equilibrium),Multiple
Chemical kinetics,Introduction
Chemical kinetics,Rate law
Chemical kinetics,Reaction mechanisms
Spectroscopy,UV/visible
Spectroscopy,Infrared
Spectroscopy,X-Ray
Spectroscopy,NMR
Spectroscopy,Mass spectrometry
Organic Chemistry,Introduction
Organic Chemistry,Stereochemistry
Organic Chemistry (Reactivity),Alkanes
Organic Chemistry (Reactivity),Alkenes
Organic Chemistry (Reactivity),Alkynes
Organic Chemistry (Reactivity),Benzene
Organic Chemistry (Reactivity),Halogen Compounds
Organic Chemistry (Reactivity),Alcohols
Organic Chemistry (Reactivity),Aldehydes
Organic Chemistry (Reactivity),Ketones
Organic Chemistry (Reactivity),Carboxylic Acids and their derivatives
Organic Chemistry (Reactivity),Amines
Organic Chemistry (Reactivity),Aromatic Compounds
Organic Chemistry (Reactivity),Heterocyclic
Polymers,Synthetic
Polymers,Natural
Biochemistry,Carbohydrates
Biochemistry,Fats
Biochemistry,Nitrogen-containing Compounds of Biological Importance
Biochemistry,Enzymes
Analytical chemistry,Titrations
Analytical chemistry,Qualitative analysis
Analytical chemistry,Chromatographic methods of separation
